date,product_name,sold_quantity,variant,gross_price,gross_price_total
8/1/2021,AQ Trigger,380,Plus 1,31.7665,12071.27
8/1/2021,AQ Qwerty Ms,992,Premium 2,16.785,16650.72
8/1/2021,AQ Wi Power Dx3,193,Plus,43.9446,8481.3078
8/1/2021,AQ Gen Y,31,Standard Red,366.0459,11347.4229
8/1/2021,AQ Dracula HDD – 3.5 Inch SATA 6 Gb/s 5400 RPM 256 MB Cache,88,Standard,19.0573,1677.0424
8/1/2021,AQ Gamer 3,11,Standard Black,604.2721,6646.9931
8/1/2021,AQ Wi Power Dx3,459,Standard,40.7954,18725.0886
8/1/2021,AQ MB Lito 2,35,Plus 2,45.4377,1590.3195
8/1/2021,AQ Dracula HDD – 3.5 Inch SATA 6 Gb/s 5400 RPM 256 MB Cache,196,Plus,21.4565,4205.474
8/1/2021,AQ Wi Power Dx2,586,Premium,37.4784,21962.3424
8/1/2021,AQ Gamer 3,10,Standard Cool Blue,605.8642,6058.642
8/1/2021,AQ Qwerty,414,Standard 1,24.569,10171.566
8/1/2021,AQ Wi Power Dx2,264,Plus,35.2053,9294.1992
8/1/2021,AQ Dracula HDD – 3.5 Inch SATA 6 Gb/s 5400 RPM 256 MB Cache,50,Premium,21.7795,1088.975
8/1/2021,AQ Wi Power Dx2,531,Standard,32.9575,17500.4325
8/1/2021,AQ Wi Power Dx1,137,Premium,28.7736,3941.9832
8/1/2021,AQ Dracula HDD – 3.5 Inch SATA 6 Gb/s 5400 RPM 256 MB Cache,29,Premium Plus,22.9729,666.2141
8/1/2021,AQ Gamer 3,5,Standard Firey Red,589.7411,2948.7055
8/1/2021,AQ LION x3,53,Premium,27.4546,1455.0938
8/1/2021,AQ Wi Power Dx1,454,Plus,29.9264,13586.5856
8/1/2021,AQ Elite,23,Plus Red,287.5666,6614.0318
8/1/2021,AQ WereWolf NAS Internal Hard Drive HDD – 8.89 cm,95,Standard,23.6987,2251.3765
8/1/2021,AQ Qwerty Ms,603,Premium 1,16.5882,10002.6846
8/1/2021,AQ Wi Power Dx1,251,Standard,29.6712,7447.4712
8/1/2021,AQ Pen Drive DRC,436,Premium,5.0984,2222.9024
8/1/2021,AQ Pen Drive DRC,1538,Plus,3.8531,5926.0678
8/1/2021,AQ WereWolf NAS Internal Hard Drive HDD – 8.89 cm,117,Plus,24.7312,2893.5504
8/1/2021,AQ Gamer 2,10,Premium Misty Green,608.407,6084.07
8/1/2021,AQ Pen Drive DRC,774,Standard,2.999,2321.226
8/1/2021,AQ Master wired x1 Ms,216,Standard 1,2.9434,635.7744
8/1/2021,AQ WereWolf NAS Internal Hard Drive HDD – 8.89 cm,54,Premium,23.6154,1275.2316
8/1/2021,AQ Pen Drive 2 IN 1,433,Premium,4.4411,1922.9963
8/1/2021,AQ Gamer 2,8,Premium Black,599.2302,4793.8416
8/1/2021,AQ Clx3,339,Standard,22.853,7747.167
8/1/2021,AQ Clx2,940,Premium,21.283,20006.02
8/1/2021,AQ GEN Z,32,Standard Red,361.6496,11572.7872
8/1/2021,AQ Zion Saga,243,Standard,23.7223,5764.5189
8/1/2021,AQ Clx2,110,Plus,20.165,2218.15
8/1/2021,AQ Clx2,778,Standard,20.2889,15784.7642
8/1/2021,AQ Zion Saga,75,Plus,27.1027,2032.7025
8/1/2021,AQ Gamer 2,4,Plus Black,601.6398,2406.5592
8/1/2021,AQ Clx1,772,Premium,19.3342,14926.0024
8/1/2021,AQ Zion Saga,151,Premium,28.0059,4228.8909
8/1/2021,AQ Clx1,926,Plus,19.6723,18216.5498
8/1/2021,AQ Clx1,572,Standard,17.8043,10184.0596
8/1/2021,AQ Mforce Gen X,140,Standard 3,19.5235,2733.29
8/1/2021,AQ Gamer 2,12,Plus Cool Blue,570.7578,6849.0936
8/1/2021,AQ Qwerty,583,Standard 2,23.9726,13976.0258
8/1/2021,AQ Neuer SSD,449,Premium,19.3433,8685.1417
8/1/2021,AQ Master wired x1 Ms,287,Standard 2,3.9998,1147.9426
8/1/2021,AQ Mforce Gen X,166,Plus 1,19.9239,3307.3674
8/1/2021,AQ Neuer SSD,574,Plus,18.5733,10661.0742
8/1/2021,AQ Gamer 2,14,Plus Firey Red,602.92,8440.88
8/1/2021,AQ Neuer SSD,743,Standard,17.359,12897.737
8/1/2021,AQ Digit SSD,487,Premium,16.3003,7938.2461
8/1/2021,AQ Qwerty Ms,772,Plus 2,16.5491,12775.9052
8/1/2021,AQ Mforce Gen X,163,Plus 2,20.0766,3272.4858
8/1/2021,AQ Mx NB,76,Plus 3,28.58,2172.08
8/1/2021,AQ Digit SSD,270,Plus,15.2481,4116.987
8/1/2021,AQ GEN Z,26,Standard Blue,371.4027,9656.4702
8/1/2021,AQ Mforce Gen X,65,Plus 3,19.9365,1295.8725
8/1/2021,AQ Digit SSD,886,Standard,13.5941,12044.3726
8/1/2021,AQ Gamer 2,12,Standard Black,595.5711,7146.8532
8/1/2021,AQ HOME Allin1 Gen 2,3,Plus 3,810.6034,2431.8102
8/1/2021,AQ Lite Ms,584,Plus 1,10.8925,6361.22
8/1/2021,AQ Mforce Gen Y,187,Standard 1,22.3984,4188.5008
8/1/2021,AQ Elite,9,Premium Black,287.4934,2587.4406
8/1/2021,AQ HOME Allin1 Gen 2,1,Plus 2,834.9812,834.9812
8/1/2021,AQ LION x2,54,Premium,21.6066,1166.7564
8/1/2021,AQ HOME Allin1 Gen 2,5,Plus 1,807.2638,4036.319
8/1/2021,AQ Qwerty Ms,755,Plus 1,15.9792,12064.296
8/1/2021,AQ Mforce Gen Y,167,Standard 2,24.9298,4163.2766
8/1/2021,AQ Gamer 2,6,Standard Cool Blue,567.9271,3407.5626
8/1/2021,AQ Gen Y,37,Standard Grey,347.2474,12848.1538
8/1/2021,AQ HOME Allin1 Gen 2,3,Standard 3,769.5635,2308.6905
8/1/2021,AQ Mforce Gen Y,93,Standard 3,26.5871,2472.6003
8/1/2021,AQ HOME Allin1 Gen 2,6,Standard 2,790.104,4740.624
8/1/2021,AQ Gamer 2,4,Standard Firey Red,585.0003,2340.0012
8/1/2021,AQ HOME Allin1 Gen 2,5,Standard 1,824.0889,4120.4445
8/1/2021,AQ Home Allin1,1,Premium 2,796.6606,796.6606
8/1/2021,AQ Master wired x1 Ms,795,Plus 1,4.5295,3600.9525
8/1/2021,AQ Mforce Gen Y,135,Plus 1,26.1081,3524.5935
8/1/2021,AQ Home Allin1,3,Premium 1,785.9918,2357.9754
8/1/2021,AQ Mforce Gen Y,82,Plus 2,29.7008,2435.4656
8/1/2021,AQ Home Allin1,5,Plus 3,787.5874,3937.937
8/1/2021,AQ Gamer 1,14,Premium Misty Green,579.6609,8115.2526
8/1/2021,AQ Home Allin1,6,Plus 2,766.6472,4599.8832
8/1/2021,AQ LION x2,76,Plus 2,18.4533,1402.4508
8/1/2021,AQ Mforce Gen Y,196,Plus 3,31.2439,6123.8044
8/1/2021,AQ Home Allin1,4,Plus 1,749.0987,2996.3948
8/1/2021,AQ Qwerty,620,Plus 1,26.9507,16709.434
8/1/2021,AQ Home Allin1,5,Standard 3,770.9789,3854.8945
8/1/2021,AQ Elite,9,Premium Misty Green,297.0277,2673.2493
8/1/2021,AQ Mforce Gen Y,105,Premium 1,32.4427,3406.4835
8/1/2021,AQ Gamer 1,9,Premium Black,571.6489,5144.8401
8/1/2021,AQ Gamers Ms,584,Plus 1,9.3977,5488.2568
8/1/2021,AQ Home Allin1,5,Standard 2,764.0542,3820.271
8/1/2021,AQ Master wired x1 Ms,815,Plus 2,5.0459,4112.4085
8/1/2021,AQ Mforce Gen Y,64,Premium 2,30.5816,1957.2224
8/1/2021,AQ Home Allin1,3,Standard 1,800.4577,2401.3731
8/1/2021,AQ Gamer 1,7,Plus Black,565.8747,3961.1229
8/1/2021,AQ BZ Allin1,13,Premium 2,746.7388,9707.6044
8/1/2021,AQ Qwerty Ms,139,Standard 2,15.8102,2197.6178
8/1/2021,AQ Mforce Gen Z,52,Standard 1,30.4696,1584.4192
8/1/2021,AQ BZ Allin1,16,Premium 1,737.6775,11802.84
8/1/2021,AQ BZ Allin1,21,Plus 3,692.5242,14543.0082
8/1/2021,AQ GEN Z,9,Standard Grey,367.7335,3309.6015
8/1/2021,AQ Mforce Gen Z,198,Standard 2,34.0973,6751.2654
8/1/2021,AQ BZ Allin1,7,Plus 2,709.3926,4965.7482
8/1/2021,AQ Gamer 1,10,Plus Cool Blue,551.3303,5513.303
8/1/2021,AQ BZ Allin1,19,Plus 1,690.4971,13119.4449
8/1/2021,AQ Mforce Gen Z,94,Standard 3,34.2412,3218.6728
8/1/2021,AQ BZ Allin1,15,Standard 3,735.1465,11027.1975
8/1/2021,AQ BZ Allin1,14,Standard 2,697.5541,9765.7574
8/1/2021,AQ Qwerty Ms,458,Standard 1,14.9013,6824.7954
8/1/2021,AQ Mforce Gen Z,76,Plus 1,37.5826,2856.2776
8/1/2021,AQ Gamer 1,12,Plus Firey Red,586.3824,7036.5888
8/1/2021,AQ BZ Allin1,19,Standard 1,681.3022,12944.7418
8/1/2021,AQ Smash 2,16,Plus Black,720.546,11528.736
8/1/2021,AQ Mforce Gen Z,28,Plus 2,36.5679,1023.9012
8/1/2021,AQ Smash 2,3,Plus Cool Blue,674.4272,2023.2816
8/1/2021,AQ Gamer 1,10,Standard Black,584.9722,5849.722
8/1/2021,AQ Smash 2,5,Plus Firey Red,655.8348,3279.174
8/1/2021,AQ Master wired x1 Ms,659,Premium 1,4.6904,3090.9736
8/1/2021,AQ Mforce Gen Z,122,Plus 3,37.5278,4578.3916
8/1/2021,AQ Gen X,30,Premium Black,322.9426,9688.278
8/1/2021,AQ Wi Power Dx3,158,Premium,42.8483,6770.0314
8/1/2021,AQ Smash 2,4,Standard Black,678.3035,2713.214
8/1/2021,AQ Mforce Gen Z,120,Premium 1,36.2434,4349.208
8/1/2021,AQ BZ Gen Z,9,Premium Misty Green,533.0397,4797.3573
8/1/2021,AQ Qwerty,546,Plus 2,27.4152,14968.6992
8/1/2021,AQ Smash 2,11,Standard Cool Blue,627.9938,6907.9318
8/1/2021,AQ Mforce Gen Z,140,Premium 2,39.399,5515.86
8/1/2021,AQ Gen X,13,Standard Grey,311.8396,4053.9148
8/1/2021,AQ Smash 2,12,Standard Firey Red,649.6929,7796.3148
8/1/2021,AQ Mx NB,34,Plus 2,29.9423,1018.0382
8/1/2021,AQ Smash 1,3,Premium Misty Green,657.2525,1971.7575
8/1/2021,AQ Maxima Ms,599,Premium 2,14.5677,8726.0523
8/1/2021,AQ GT 21,129,Standard,39.3377,5074.5633
8/1/2021,AQ BZ Gen Z,12,Premium Black,545.5931,6547.1172
8/1/2021,AQ Smash 1,10,Premium Black,655.7782,6557.782
8/1/2021,AQ Gen Y,23,Standard Blue,346.6886,7973.8378
8/1/2021,AQ GT 21,148,Plus 1,39.1465,5793.682
8/1/2021,AQ Smash 1,4,Plus Black,644.3777,2577.5108
8/1/2021,AQ BZ Gen Z,7,Plus Red,550.4597,3853.2179
8/1/2021,AQ Smash 1,17,Plus Cool Blue,601.8173,10230.8941
8/1/2021,AQ Master wired x1 Ms,820,Premium 2,5.2542,4308.444
8/1/2021,AQ GT 21,126,Plus 2,39.299,4951.674
8/1/2021,AQ Gen Y,18,Premium Misty Green,363.063,6535.134
8/1/2021,AQ Smash 1,8,Plus Firey Red,639.9614,5119.6912
8/1/2021,AQ Smash 1,11,Standard Black,631.1855,6943.0405
8/1/2021,AQ GT 21,160,Premium,39.1215,6259.44
8/1/2021,AQ BZ Gen Z,21,Plus Blue,521.2603,10946.4663
8/1/2021,AQ Smash 1,6,Standard Cool Blue,593.8297,3562.9782
8/1/2021,AQ Smash 1,11,Standard Firey Red,642.0698,7062.7678
8/1/2021,AQ Lite Ms,196,Standard 2,11.2819,2211.2524
8/1/2021,AQ Marquee P3,138,Standard,40.5013,5589.1794
8/1/2021,AQ Gamer 3,16,Premium Misty Green,590.1159,9441.8544
8/1/2021,AQ Gamer 3,10,Premium Black,609.7926,6097.926
8/1/2021,AQ LION x3,22,Plus 2,25.467,560.274
8/1/2021,AQ Marquee P3,124,Plus 1,43.2966,5368.7784
8/1/2021,AQ BZ Gen Z,25,Standard Red,525.8042,13145.105
8/1/2021,AQ Gamer 3,13,Plus Black,639.6816,8315.8608
8/1/2021,AQ Marquee P3,176,Plus 2,42.3841,7459.6016
8/1/2021,AQ Gamer 3,13,Plus Cool Blue,632.4885,8222.3505
8/1/2021,AQ BZ Gen Z,24,Standard Blue,490.1582,11763.7968
8/1/2021,AQ Gamer 3,6,Plus Firey Red,597.7704,3586.6224
8/1/2021,AQ Master wireless x1 Ms,495,Standard 1,5.4383,2691.9585
8/1/2021,AQ Marquee P3,184,Premium,44.7044,8225.6096
8/1/2021,AQ Maxima Ms,639,Premium 1,15.1762,9697.5918
8/1/2021,AQ LION x2,21,Plus 1 ,17.5197,367.9137
8/1/2021,AQ Qwerty,491,Premium 1,29.8692,14665.7772
8/1/2021,AQ Mx NB,44,Premium,31.7029,1394.9276
8/1/2021,AQ Maxima,100,Premium 2,23.7678,2376.78
8/1/2021,AQ Marquee P4,125,Standard,45.0813,5635.1625
8/1/2021,AQ BZ Gen Z,13,Standard Grey,506.9644,6590.5372
8/1/2021,AQ Aspiron,14,Plus Blue,182.8932,2560.5048
8/1/2021,AQ Gen Y,32,Premium Black,347.803,11129.696
8/1/2021,AQ 5000 Series Electron 9 5900X Desktop Processor,77,Standard,111.1036,8554.9772
8/1/2021,AQ Maxima,139,Premium 1,23.0844,3208.7316
8/1/2021,AQ Maxima,509,Plus 2,22.1341,11266.2569
8/1/2021,AQ Gen X,37,Standard Blue,300.3378,11112.4986
8/1/2021,AQ 5000 Series Electron 9 5900X Desktop Processor,173,Plus,123.4797,21361.9881
8/1/2021,AQ BZ Gen Y,26,Premium Misty Green,512.5811,13327.1086
8/1/2021,AQ Maxima Ms,337,Plus 2,14.28,4812.36
8/1/2021,AQ Mx NB,72,Plus 1 ,28.45,2048.4
8/1/2021,AQ Aspiron,8,Plus Red,187.7533,1502.0264
8/1/2021,AQ Maxima,389,Plus 1,20.8733,8119.7137
8/1/2021,AQ 5000 Series Electron 9 5900X Desktop Processor,51,Premium,123.9315,6320.5065
8/1/2021,AQ Maxima,102,Standard 2,21.6988,2213.2776
8/1/2021,AQ BZ Gen Y,17,Premium Black,516.458,8779.786
8/1/2021,AQ Aspiron,28,Premium Black,195.7721,5481.6188
8/1/2021,AQ Maxima,845,Standard 1,20.3908,17230.226
8/1/2021,AQ 5000 Series Electron 8 5900X Desktop Processor,127,Standard,124.264,15781.528
8/1/2021,AQ Digit,23,Standard Grey,200.2732,4606.2836
8/1/2021,AQ Lite,456,Premium 2,20.0066,9123.0096
8/1/2021,AQ Master wireless x1 Ms,349,Standard 2,6.4054,2235.4846
8/1/2021,AQ 5000 Series Electron 8 5900X Desktop Processor,177,Plus,129.5836,22936.2972
8/1/2021,AQ BZ Gen Y,12,Plus Red,486.4857,5837.8284
8/1/2021,AQ Lite,840,Premium 1,18.9415,15910.86
8/1/2021,AQ 5000 Series Electron 8 5900X Desktop Processor,154,Premium,139.8962,21544.0148
8/1/2021,AQ Digit,11,Standard Blue,215.9341,2375.2751
8/1/2021,AQ Lite,146,Plus 2,18.4219,2689.5974
8/1/2021,AQ LION x1,53,Standard,16.5127,875.1731
8/1/2021,AQ 5000 Series Ultron 8 5900X Desktop Processor,194,Standard,135.6822,26322.3468
8/1/2021,AQ BZ Gen Y,23,Plus Blue,483.3813,11117.7699
8/1/2021,AQ LION x2,71,Standard,17.2648,1225.8008
8/1/2021,AQ Gen X,39,Standard Red,306.9189,11969.8371
8/1/2021,AQ 5000 Series Ultron 8 5900X Desktop Processor,82,Plus,145.1474,11902.0868
8/1/2021,AQ Lite,500,Plus 1,18.5844,9292.2
8/1/2021,AQ BZ Gen Y,15,Standard Red,474.3154,7114.731
8/1/2021,AQ Qwerty,517,Premium 2,29.6709,15339.8553
8/1/2021,AQ Gamers Ms,828,Plus 2,10.4573,8658.6444
8/1/2021,AQ 5000 Series Ultron 8 5900X Desktop Processor,35,Premium,142.9402,5002.907
8/1/2021,AQ Digit,33,Standard Red,236.8486,7816.0038
8/1/2021,AQ Lite,803,Standard 2,18.7947,15092.1441
8/1/2021,AQ Master wireless x1 Ms,963,Plus 1,6.7301,6481.0863
8/1/2021,AQ Electron 5 3600 Desktop Processor,112,Standard,149.1034,16699.5808
8/1/2021,AQ BZ Gen Y,17,Standard Blue,474.3132,8063.3244
8/1/2021,AQ Gen Y,35,Plus Red,348.5375,12198.8125
8/1/2021,AQ Digit,28,Plus Grey,232.1038,6498.9064
8/1/2021,AQ Lite,475,Standard 1,18.4943,8784.7925
8/1/2021,AQ Electron 5 3600 Desktop Processor,193,Plus,150.245,28997.285
8/1/2021,AQ Gamers ,486,Premium 2,19.3003,9379.9458
8/1/2021,AQ Digit,8,Plus Blue,240.1403,1921.1224
8/1/2021,AQ Trigger,611,Plus 2,33.6246,20544.6306
8/1/2021,AQ Electron 5 3600 Desktop Processor,109,Premium,160.6912,17515.3408
8/1/2021,AQ BZ Gen Y,18,Standard Grey,479.0441,8622.7938
8/1/2021,AQ Maxima Ms,1015,Plus 1,14.1682,14380.723
8/1/2021,AQ Gamers ,118,Premium 1,16.3218,1925.9724
8/1/2021,AQ Electron 4 3600 Desktop Processor,84,Standard,160.5082,13482.6888
8/1/2021,AQ Gamers ,736,Plus 2,16.3792,12055.0912
8/1/2021,AQ BZ Compact,21,Premium Misty Green,467.3047,9813.3987
8/1/2021,AQ LION x3,29,Standard,22.1454,642.2166
8/1/2021,AQ Digit,22,Plus Red,237.0183,5214.4026
8/1/2021,AQ Gamers ,688,Plus 1,16.2407,11173.6016
8/1/2021,AQ Electron 4 3600 Desktop Processor,139,Plus,169.4999,23560.4861
8/1/2021,AQ Digit,28,Premium Black,249.1303,6975.6484
8/1/2021,AQ Gamers ,389,Standard 2,15.3071,5954.4619
8/1/2021,AQ Master wireless x1 Ms,853,Plus 2,7.3526,6271.7678
8/1/2021,AQ Electron 4 3600 Desktop Processor,180,Premium,176.4389,31759.002
8/1/2021,AQ BZ Compact,9,Premium Black,475.1904,4276.7136
8/1/2021,AQ Gamers ,287,Standard 1,13.5061,3876.2507
8/1/2021,AQ Maxima Ms,441,Standard 2,14.5267,6406.2747
8/1/2021,AQ Electron 3 3600 Desktop Processor,168,Standard,186.2917,31297.0056
8/1/2021,AQ Gen Y,13,Plus Blue,349.2525,4540.2825
8/1/2021,AQ LION x1,68,Premium,18.0312,1226.1216
8/1/2021,AQ Digit,16,Premium Misty Green,243.0414,3888.6624
8/1/2021,AQ Master wireless x1,720,Premium 2,13.0018,9361.296
8/1/2021,AQ Electron 3 3600 Desktop Processor,69,Plus,185.4599,12796.7331
8/1/2021,AQ BZ Compact,6,Plus Red,475.5544,2853.3264
8/1/2021,AQ Trigger,875,Standard 1,29.3872,25713.8
8/1/2021,AQ Gen X,38,Plus Grey,341.7343,12985.9034
8/1/2021,AQ MB Elite,33,Standard,19.6485,648.4005
8/1/2021,AQ Master wireless x1,319,Premium 1,12.0509,3844.2371
8/1/2021,AQ BZ Compact,11,Plus Blue,486.1763,5347.9393
8/1/2021,AQ Velocity,32,Standard Grey,264.7,8470.4
8/1/2021,AQ Master wireless x1,741,Plus 2,11.6011,8596.4151
8/1/2021,AQ MB Elite,41,Plus 1,20.4629,838.9789
8/1/2021,AQ Mx NB,62,Standard,26.9302,1669.6724
8/1/2021,AQ Velocity,32,Standard Blue,267.2091,8550.6912
8/1/2021,AQ Master wireless x1 Ms,202,Premium 1,7.9813,1612.2226
8/1/2021,AQ MB Elite,129,Plus 2,21.2017,2735.0193
8/1/2021,AQ Master wireless x1,312,Plus 1,12.3739,3860.6568
8/1/2021,AQ BZ Compact,22,Plus Grey,447.7337,9850.1414
8/1/2021,AQ Master wireless x1,385,Standard 2,11.0524,4255.174
8/1/2021,AQ MB Elite,50,Premium,21.4489,1072.445
8/1/2021,AQ Trigger,394,Premium 1,34.5114,13597.4916
8/1/2021,AQ Maxima Ms,456,Standard 1,12.0689,5503.4184
8/1/2021,AQ Velocity,28,Standard Red,261.2305,7314.454
8/1/2021,AQ Master wireless x1,836,Standard 1,10.7955,9025.038
8/1/2021,AQ MB Crossx,131,Standard,21.8879,2867.3149
8/1/2021,AQ BZ Compact,12,Standard Red,452.142,5425.704
8/1/2021,AQ Master wired x1,692,Premium 2,10.4188,7209.8096
8/1/2021,AQ Lite Ms,643,Premium 2,12.2979,7907.5497
8/1/2021,AQ MB Crossx,81,Plus 1,22.8957,1854.5517
8/1/2021,AQ Velocity,36,Plus Grey,267.0636,9614.2896
8/1/2021,AQ BZ Compact,19,Standard Blue,462.5568,8788.5792
8/1/2021,AQ Master wired x1,801,Premium 1,9.465,7581.465
8/1/2021,AQ Gen X,30,Premium Misty Green,327.093,9812.79
8/1/2021,AQ MB Crossx,106,Plus 2,27.3445,2898.517
8/1/2021,AQ Master wireless x1 Ms,401,Premium 2,8.3193,3336.0393
8/1/2021,AQ Velocity,34,Plus Blue,277.8079,9445.4686
8/1/2021,AQ Master wired x1,620,Plus 2,8.9514,5549.868
8/1/2021,AQ MB Crossx,64,Premium,28.3991,1817.5424
8/1/2021,AQ BZ Compact,13,Standard Grey,451.7049,5872.1637
8/1/2021,AQ LION x3,31,Plus 1 ,23.152,717.712
8/1/2021,AQ Master wired x1,825,Plus 1,7.7693,6409.6725
8/1/2021,AQ Gen Y,14,Plus Grey,353.0982,4943.3748
8/1/2021,AQ MB Crossx 2,115,Standard,28.8615,3319.0725
8/1/2021,AQ LION x1,38,Plus 2,17.5697,667.6486
8/1/2021,AQ Trigger,614,Standard 2,30.3414,18629.6196
8/1/2021,AQ Velocity,19,Plus Red,275.8194,5240.5686
8/1/2021,AQ LION x3,71,Plus 3,25.0442,1778.1382
8/1/2021,AQ MB Crossx 2,122,Plus 1,31.9525,3898.205
8/1/2021,AQ BZ 101,18,Premium Misty Green,460.2805,8285.049
8/1/2021,AQ Gen X,28,Plus Blue,325.2156,9106.0368
8/1/2021,AQ Lite Ms,341,Premium 1,12.7423,4345.1243
8/1/2021,AQ Master wired x1,206,Standard 2,7.5979,1565.1674
8/1/2021,AQ Lite Ms,526,Standard 1,11.4829,6040.0054
8/1/2021,AQ MB Crossx 2,75,Plus 2,32.1924,2414.43
8/1/2021,AQ BZ 101,5,Premium Black,428.1451,2140.7255
8/1/2021,AQ Master wired x1,561,Standard 1,6.8991,3870.3951
8/1/2021,AQ Elite,25,Standard Grey,271.3471,6783.6775
8/1/2021,AQ MB Crossx 2,41,Premium,32.2612,1322.7092
8/1/2021,AQ Gamers Ms,318,Standard 1,8.8044,2799.7992
8/1/2021,AQ Lumina Ms,214,Standard 1,21.7118,4646.3252
8/1/2021,AQ Elite,36,Standard Blue,281.9504,10150.2144
8/1/2021,AQ Gamers Ms,293,Premium 2,10.8659,3183.7087
8/1/2021,AQ MB Lito,62,Standard,33.7609,2093.1758
8/1/2021,AQ Trigger Ms,915,Premium 2,20.0537,18349.1355
8/1/2021,AQ BZ 101,21,Standard Blue,451.4881,9481.2501
8/1/2021,AQ Trigger Ms,146,Premium 1,19.4042,2833.0132
8/1/2021,AQ MB Lito,117,Plus 1,35.0256,4097.9952
8/1/2021,AQ LION x2,56,Plus 3,21.1942,1186.8752
8/1/2021,AQ Elite,39,Standard Red,288.0503,11233.9617
8/1/2021,AQ Trigger Ms,235,Plus 2,19.586,4602.71
8/1/2021,AQ MB Lito,38,Plus 2,35.835,1361.73
8/1/2021,AQ BZ 101,7,Standard Grey,419.1936,2934.3552
8/1/2021,AQ Trigger Ms,125,Plus 1,16.9353,2116.9125
8/1/2021,AQ Gen X,39,Plus Red,325.2561,12684.9879
8/1/2021,AQ MB Lito,100,Premium,38.978,3897.8
8/1/2021,AQ Elite,34,Plus Grey,286.8973,9754.5082
8/1/2021,AQ Trigger Ms,795,Standard 2,17.2368,13703.256
8/1/2021,AQ GEN Z,23,Plus Blue,377.4069,8680.3587
8/1/2021,AQ Lite Ms,279,Plus 2,11.6332,3245.6628
8/1/2021,AQ Gamers Ms,809,Premium 1,10.437,8443.533
8/1/2021,AQ MB Lito 2,102,Standard,41.3696,4219.6992
8/1/2021,AQ Elite,28,Plus Blue,291.2071,8153.7988
8/1/2021,AQ Trigger Ms,817,Standard 1,17.0917,13963.9189
8/1/2021,AQ Gamers Ms,705,Standard 2,8.9901,6338.0205
8/1/2021,AQ MB Lito 2,41,Plus 1,39.3932,1615.1212
8/1/2021,AQ LION x1,55,Plus 1 ,16.1015,885.5825
8/1/2021,AQ GEN Z,13,Plus Grey,380.2153,4942.7989
6/1/2021,AQ GEN Z,36,Plus Grey,380.2153,13687.7508
6/1/2021,AQ Qwerty Ms,626,Premium 2,16.785,10507.41
6/1/2021,AQ Wi Power Dx3,624,Plus,43.9446,27421.4304
6/1/2021,AQ Dracula HDD – 3.5 Inch SATA 6 Gb/s 5400 RPM 256 MB Cache,205,Standard,19.0573,3906.7465
6/1/2021,AQ Gamer 3,3,Standard Black,604.2721,1812.8163
6/1/2021,AQ MB Lito 2,142,Plus 2,45.4377,6452.1534
6/1/2021,AQ Qwerty,676,Standard 1,24.569,16608.644
6/1/2021,AQ Wi Power Dx3,174,Standard,40.7954,7098.3996
6/1/2021,AQ Dracula HDD – 3.5 Inch SATA 6 Gb/s 5400 RPM 256 MB Cache,78,Plus,21.4565,1673.607
6/1/2021,AQ Wi Power Dx2,305,Premium,37.4784,11430.912
6/1/2021,AQ Wi Power Dx2,541,Plus,35.2053,19046.0673
6/1/2021,AQ Gen Y,24,Standard Red,366.0459,8785.1016
6/1/2021,AQ Dracula HDD – 3.5 Inch SATA 6 Gb/s 5400 RPM 256 MB Cache,48,Premium,21.7795,1045.416
6/1/2021,AQ Gamer 3,12,Standard Cool Blue,605.8642,7270.3704
6/1/2021,AQ LION x1,65,Plus 1 ,16.1015,1046.5975
6/1/2021,AQ Mx NB,36,Premium,31.7029,1141.3044
6/1/2021,AQ Wi Power Dx2,478,Standard,32.9575,15753.685
6/1/2021,AQ Elite,11,Plus Red,287.5666,3163.2326
6/1/2021,AQ Dracula HDD – 3.5 Inch SATA 6 Gb/s 5400 RPM 256 MB Cache,126,Premium Plus,22.9729,2894.5854
6/1/2021,AQ Wi Power Dx1,444,Premium,28.7736,12775.4784
6/1/2021,AQ Gamer 3,15,Standard Firey Red,589.7411,8846.1165
6/1/2021,AQ Wi Power Dx1,348,Plus,29.9264,10414.3872
6/1/2021,AQ WereWolf NAS Internal Hard Drive HDD – 8.89 cm,40,Standard,23.6987,947.948
6/1/2021,AQ Wi Power Dx1,533,Standard,29.6712,15814.7496
6/1/2021,AQ Pen Drive DRC,1186,Premium,5.0984,6046.7024
6/1/2021,AQ Lite Ms,310,Standard 1,11.4829,3559.699
6/1/2021,AQ WereWolf NAS Internal Hard Drive HDD – 8.89 cm,102,Plus,24.7312,2522.5824
6/1/2021,AQ Gamer 2,6,Premium Misty Green,608.407,3650.442
6/1/2021,AQ Master wired x1 Ms,830,Standard 1,2.9434,2443.022
6/1/2021,AQ Pen Drive DRC,1295,Plus,3.8531,4989.7645
6/1/2021,AQ Pen Drive DRC,1232,Standard,2.999,3694.768
6/1/2021,AQ WereWolf NAS Internal Hard Drive HDD – 8.89 cm,31,Premium,23.6154,732.0774
6/1/2021,AQ Pen Drive 2 IN 1,1123,Premium,4.4411,4987.3553
6/1/2021,AQ Clx3,763,Standard,22.853,17436.839
6/1/2021,AQ Zion Saga,91,Standard,23.7223,2158.7293
6/1/2021,AQ Gamer 2,6,Premium Black,599.2302,3595.3812
6/1/2021,AQ GEN Z,22,Standard Red,361.6496,7956.2912
6/1/2021,AQ Clx2,410,Premium,21.283,8726.03
6/1/2021,AQ Clx2,352,Plus,20.165,7098.08
6/1/2021,AQ Lite Ms,520,Plus 2,11.6332,6049.264
6/1/2021,AQ Zion Saga,70,Plus,27.1027,1897.189
6/1/2021,AQ Clx2,957,Standard,20.2889,19416.4773
6/1/2021,AQ Gamer 2,7,Plus Black,601.6398,4211.4786
6/1/2021,AQ LION x3,74,Premium,27.4546,2031.6404
6/1/2021,AQ Clx1,620,Premium,19.3342,11987.204
6/1/2021,AQ Qwerty Ms,256,Premium 1,16.5882,4246.5792
6/1/2021,AQ Zion Saga,145,Premium,28.0059,4060.8555
6/1/2021,AQ Elite,27,Premium Black,287.4934,7762.3218
6/1/2021,AQ Clx1,959,Plus,19.6723,18865.7357
6/1/2021,AQ Qwerty,824,Standard 2,23.9726,19753.4224
6/1/2021,AQ Clx1,865,Standard,17.8043,15400.7195
6/1/2021,AQ Gen X,7,Premium Black,322.9426,2260.5982
6/1/2021,AQ Mforce Gen X,108,Standard 3,19.5235,2108.538
6/1/2021,AQ Gamer 2,13,Plus Cool Blue,570.7578,7419.8514
6/1/2021,AQ Master wired x1 Ms,778,Standard 2,3.9998,3111.8444
6/1/2021,AQ Neuer SSD,826,Premium,19.3433,15977.5658
6/1/2021,AQ Mforce Gen X,76,Plus 1,19.9239,1514.2164
6/1/2021,AQ Neuer SSD,697,Plus,18.5733,12945.5901
6/1/2021,AQ Neuer SSD,666,Standard,17.359,11561.094
6/1/2021,AQ Mforce Gen X,84,Plus 2,20.0766,1686.4344
6/1/2021,AQ Gamer 2,15,Plus Firey Red,602.92,9043.8
6/1/2021,AQ Qwerty Ms,971,Plus 2,16.5491,16069.1761
6/1/2021,AQ Digit SSD,168,Premium,16.3003,2738.4504
6/1/2021,AQ Digit SSD,364,Plus,15.2481,5550.3084
6/1/2021,AQ Mforce Gen X,114,Plus 3,19.9365,2272.761
6/1/2021,AQ Gamer 2,16,Standard Black,595.5711,9529.1376
6/1/2021,AQ Mx NB,45,Plus 3,28.58,1286.1
6/1/2021,AQ Digit SSD,1011,Standard,13.5941,13743.6351
6/1/2021,AQ Mforce Gen Y,58,Standard 1,22.3984,1299.1072
6/1/2021,AQ HOME Allin1 Gen 2,5,Plus 3,810.6034,4053.017
6/1/2021,AQ HOME Allin1 Gen 2,1,Plus 2,834.9812,834.9812
6/1/2021,AQ Mforce Gen Y,107,Standard 2,24.9298,2667.4886
6/1/2021,AQ Gamer 2,10,Standard Cool Blue,567.9271,5679.271
6/1/2021,AQ HOME Allin1 Gen 2,6,Plus 1,807.2638,4843.5828
6/1/2021,AQ HOME Allin1 Gen 2,3,Standard 3,769.5635,2308.6905
6/1/2021,AQ Master wired x1 Ms,817,Plus 1,4.5295,3700.6015
6/1/2021,AQ Mforce Gen Y,156,Standard 3,26.5871,4147.5876
6/1/2021,AQ HOME Allin1 Gen 2,5,Standard 2,790.104,3950.52
6/1/2021,AQ HOME Allin1 Gen 2,1,Standard 1,824.0889,824.0889
6/1/2021,AQ Mforce Gen Y,78,Plus 1,26.1081,2036.4318
6/1/2021,AQ Gamer 2,10,Standard Firey Red,585.0003,5850.003
6/1/2021,AQ GEN Z,20,Standard Blue,371.4027,7428.054
6/1/2021,AQ Home Allin1,2,Premium 2,796.6606,1593.3212
6/1/2021,AQ Gamers Ms,237,Plus 1,9.3977,2227.2549
6/1/2021,AQ Home Allin1,2,Premium 1,785.9918,1571.9836
6/1/2021,AQ Qwerty Ms,996,Plus 1,15.9792,15915.2832
6/1/2021,AQ Mforce Gen Y,144,Plus 2,29.7008,4276.9152
6/1/2021,AQ Gamer 1,8,Premium Misty Green,579.6609,4637.2872
6/1/2021,AQ Qwerty,266,Plus 1,26.9507,7168.8862
6/1/2021,AQ Home Allin1,2,Plus 3,787.5874,1575.1748
6/1/2021,AQ Mforce Gen Y,161,Plus 3,31.2439,5030.2679
6/1/2021,AQ Elite,30,Premium Misty Green,297.0277,8910.831
6/1/2021,AQ Home Allin1,1,Plus 2,766.6472,766.6472
6/1/2021,AQ Home Allin1,3,Plus 1,749.0987,2247.2961
6/1/2021,AQ Mforce Gen Y,126,Premium 1,32.4427,4087.7802
6/1/2021,AQ Gamer 1,12,Premium Black,571.6489,6859.7868
6/1/2021,AQ Master wired x1 Ms,892,Plus 2,5.0459,4500.9428
6/1/2021,AQ Home Allin1,4,Standard 3,770.9789,3083.9156
6/1/2021,AQ Mforce Gen Y,94,Premium 2,30.5816,2874.6704
6/1/2021,AQ Home Allin1,4,Standard 2,764.0542,3056.2168
6/1/2021,AQ Home Allin1,4,Standard 1,800.4577,3201.8308
6/1/2021,AQ BZ Allin1,11,Premium 2,746.7388,8214.1268
6/1/2021,AQ Mforce Gen Z,119,Standard 1,30.4696,3625.8824
6/1/2021,AQ Gamer 1,10,Plus Black,565.8747,5658.747
6/1/2021,AQ Gamers Ms,256,Premium 2,10.8659,2781.6704
6/1/2021,AQ BZ Allin1,10,Premium 1,737.6775,7376.775
6/1/2021,AQ BZ Allin1,25,Plus 3,692.5242,17313.105
6/1/2021,AQ Mforce Gen Z,149,Standard 2,34.0973,5080.4977
6/1/2021,AQ Gamer 1,8,Plus Cool Blue,551.3303,4410.6424
6/1/2021,AQ LION x2,21,Premium,21.6066,453.7386
6/1/2021,AQ BZ Allin1,10,Plus 2,709.3926,7093.926
6/1/2021,AQ GEN Z,37,Standard Grey,367.7335,13606.1395
6/1/2021,AQ Mforce Gen Z,87,Standard 3,34.2412,2978.9844
6/1/2021,AQ Qwerty Ms,480,Standard 2,15.8102,7588.896
6/1/2021,AQ BZ Allin1,6,Plus 1,690.4971,4142.9826
6/1/2021,AQ BZ Allin1,21,Standard 3,735.1465,15438.0765
6/1/2021,AQ BZ Allin1,14,Standard 2,697.5541,9765.7574
6/1/2021,AQ Mforce Gen Z,122,Plus 1,37.5826,4585.0772
6/1/2021,AQ Gamer 1,7,Plus Firey Red,586.3824,4104.6768
6/1/2021,AQ Qwerty Ms,320,Standard 1,14.9013,4768.416
6/1/2021,AQ BZ Allin1,12,Standard 1,681.3022,8175.6264
6/1/2021,AQ Lite Ms,277,Plus 1,10.8925,3017.2225
6/1/2021,AQ Mforce Gen Z,25,Plus 2,36.5679,914.1975
6/1/2021,AQ Smash 2,9,Plus Black,720.546,6484.914
6/1/2021,AQ Master wired x1 Ms,647,Premium 1,4.6904,3034.6888
6/1/2021,AQ Smash 2,7,Plus Cool Blue,674.4272,4720.9904
6/1/2021,AQ Mforce Gen Z,182,Plus 3,37.5278,6830.0596
6/1/2021,AQ Gamer 1,15,Standard Black,584.9722,8774.583
6/1/2021,AQ Qwerty,190,Plus 2,27.4152,5208.888
6/1/2021,AQ Smash 2,5,Plus Firey Red,655.8348,3279.174
6/1/2021,AQ LION x3,69,Plus 2,25.467,1757.223
6/1/2021,AQ Mforce Gen Z,57,Premium 1,36.2434,2065.8738
6/1/2021,AQ Smash 2,5,Standard Black,678.3035,3391.5175
6/1/2021,AQ BZ Gen Z,22,Premium Misty Green,533.0397,11726.8734
6/1/2021,AQ Smash 2,6,Standard Cool Blue,627.9938,3767.9628
6/1/2021,AQ Gen X,7,Standard Grey,311.8396,2182.8772
6/1/2021,AQ Mforce Gen Z,184,Premium 2,39.399,7249.416
6/1/2021,AQ Smash 2,11,Standard Firey Red,649.6929,7146.6219
6/1/2021,AQ Smash 1,16,Premium Misty Green,657.2525,10516.04
6/1/2021,AQ GT 21,119,Standard,39.3377,4681.1863
6/1/2021,AQ BZ Gen Z,12,Premium Black,545.5931,6547.1172
6/1/2021,AQ Maxima Ms,106,Premium 2,14.5677,1544.1762
6/1/2021,AQ Mx NB,41,Plus 2,29.9423,1227.6343
6/1/2021,AQ Smash 1,10,Premium Black,655.7782,6557.782
6/1/2021,AQ GT 21,60,Plus 1,39.1465,2348.79
6/1/2021,AQ Smash 1,17,Plus Black,644.3777,10954.4209
6/1/2021,AQ Master wired x1 Ms,701,Premium 2,5.2542,3683.1942
6/1/2021,AQ Smash 1,14,Plus Cool Blue,601.8173,8425.4422
6/1/2021,AQ GT 21,188,Plus 2,39.299,7388.212
6/1/2021,AQ BZ Gen Z,13,Plus Red,550.4597,7155.9761
6/1/2021,AQ LION x2,11,Plus 3,21.1942,233.1362
6/1/2021,AQ Smash 1,3,Plus Firey Red,639.9614,1919.8842
6/1/2021,AQ Gen Y,19,Premium Misty Green,363.063,6898.197
6/1/2021,AQ GT 21,81,Premium,39.1215,3168.8415
6/1/2021,AQ Smash 1,17,Standard Black,631.1855,10730.1535
6/1/2021,AQ BZ Gen Z,14,Plus Blue,521.2603,7297.6442
6/1/2021,AQ Smash 1,8,Standard Cool Blue,593.8297,4750.6376
6/1/2021,AQ Marquee P3,63,Standard,40.5013,2551.5819
6/1/2021,AQ Lite Ms,753,Standard 2,11.2819,8495.2707
6/1/2021,AQ Smash 1,11,Standard Firey Red,642.0698,7062.7678
6/1/2021,AQ Gamer 3,15,Premium Misty Green,590.1159,8851.7385
6/1/2021,AQ Gamer 3,7,Premium Black,609.7926,4268.5482
6/1/2021,AQ Marquee P3,21,Plus 1,43.2966,909.2286
6/1/2021,AQ BZ Gen Z,10,Standard Red,525.8042,5258.042
6/1/2021,AQ Gen X,30,Standard Blue,300.3378,9010.134
6/1/2021,AQ LION x3,85,Plus 3,25.0442,2128.757
6/1/2021,AQ Gamer 3,5,Plus Black,639.6816,3198.408
6/1/2021,AQ Master wireless x1 Ms,451,Standard 1,5.4383,2452.6733
6/1/2021,AQ Marquee P3,154,Plus 2,42.3841,6527.1514
6/1/2021,AQ Gamer 3,12,Plus Cool Blue,632.4885,7589.862
6/1/2021,AQ Qwerty,222,Premium 1,29.8692,6630.9624
6/1/2021,AQ Gamer 3,15,Plus Firey Red,597.7704,8966.556
6/1/2021,AQ Marquee P3,31,Premium,44.7044,1385.8364
6/1/2021,AQ BZ Gen Z,16,Standard Blue,490.1582,7842.5312
6/1/2021,AQ Maxima Ms,352,Premium 1,15.1762,5342.0224
6/1/2021,AQ Marquee P4,132,Standard,45.0813,5950.7316
6/1/2021,AQ Maxima,414,Premium 2,23.7678,9839.8692
6/1/2021,AQ BZ Gen Z,21,Standard Grey,506.9644,10646.2524
6/1/2021,AQ LION x2,16,Plus 1 ,17.5197,280.3152
6/1/2021,AQ Aspiron,30,Plus Blue,182.8932,5486.796
6/1/2021,AQ 5000 Series Electron 9 5900X Desktop Processor,101,Standard,111.1036,11221.4636
6/1/2021,AQ Trigger,396,Plus 2,33.6246,13315.3416
6/1/2021,AQ Maxima,496,Premium 1,23.0844,11449.8624
6/1/2021,AQ Maxima,604,Plus 2,22.1341,13368.9964
6/1/2021,AQ Aspiron,11,Plus Red,187.7533,2065.2863
6/1/2021,AQ 5000 Series Electron 9 5900X Desktop Processor,86,Plus,123.4797,10619.2542
6/1/2021,AQ BZ Gen Y,29,Premium Misty Green,512.5811,14864.8519
6/1/2021,AQ Maxima,438,Plus 1,20.8733,9142.5054
6/1/2021,AQ 5000 Series Electron 9 5900X Desktop Processor,168,Premium,123.9315,20820.492
6/1/2021,AQ Aspiron,30,Premium Black,195.7721,5873.163
6/1/2021,AQ Maxima,431,Standard 2,21.6988,9352.1828
6/1/2021,AQ Gen Y,24,Standard Grey,347.2474,8333.9376
6/1/2021,AQ 5000 Series Electron 8 5900X Desktop Processor,24,Standard,124.264,2982.336
6/1/2021,AQ BZ Gen Y,5,Premium Black,516.458,2582.29
6/1/2021,AQ Master wireless x1 Ms,483,Standard 2,6.4054,3093.8082
6/1/2021,AQ Maxima,632,Standard 1,20.3908,12886.9856
6/1/2021,AQ Digit,15,Standard Grey,200.2732,3004.098
6/1/2021,AQ 5000 Series Electron 8 5900X Desktop Processor,91,Plus,129.5836,11792.1076
6/1/2021,AQ Lite,658,Premium 2,20.0066,13164.3428
6/1/2021,AQ BZ Gen Y,17,Plus Red,486.4857,8270.2569
6/1/2021,AQ Lite,737,Premium 1,18.9415,13959.8855
6/1/2021,AQ LION x3,32,Standard,22.1454,708.6528
6/1/2021,AQ Gen Y,13,Premium Black,347.803,4521.439
6/1/2021,AQ 5000 Series Electron 8 5900X Desktop Processor,77,Premium,139.8962,10772.0074
6/1/2021,AQ Gamers Ms,327,Plus 2,10.4573,3419.5371
6/1/2021,AQ Digit,27,Standard Blue,215.9341,5830.2207
6/1/2021,AQ Maxima Ms,740,Plus 2,14.28,10567.2
6/1/2021,AQ Lite,442,Plus 2,18.4219,8142.4798
6/1/2021,AQ 5000 Series Ultron 8 5900X Desktop Processor,181,Standard,135.6822,24558.4782
6/1/2021,AQ BZ Gen Y,28,Plus Blue,483.3813,13534.6764
6/1/2021,AQ Gen X,20,Standard Red,306.9189,6138.378
6/1/2021,AQ Qwerty,523,Premium 2,29.6709,15517.8807
6/1/2021,AQ Wi Power Dx3,289,Premium,42.8483,12383.1587
6/1/2021,AQ 5000 Series Ultron 8 5900X Desktop Processor,127,Plus,145.1474,18433.7198
6/1/2021,AQ Digit,26,Standard Red,236.8486,6158.0636
6/1/2021,AQ Lite,95,Plus 1,18.5844,1765.518
6/1/2021,AQ LION x2,56,Standard,17.2648,966.8288
6/1/2021,AQ 5000 Series Ultron 8 5900X Desktop Processor,135,Premium,142.9402,19296.927
6/1/2021,AQ BZ Gen Y,24,Standard Red,474.3154,11383.5696
6/1/2021,AQ Master wireless x1 Ms,786,Plus 1,6.7301,5289.8586
6/1/2021,AQ Mx NB,10,Plus 1 ,28.45,284.5
6/1/2021,AQ Lite,239,Standard 2,18.7947,4491.9333
6/1/2021,AQ Electron 5 3600 Desktop Processor,160,Standard,149.1034,23856.544
6/1/2021,AQ Digit,12,Plus Grey,232.1038,2785.2456
6/1/2021,AQ BZ Gen Y,10,Standard Blue,474.3132,4743.132
6/1/2021,AQ Gen Y,8,Plus Red,348.5375,2788.3
6/1/2021,AQ Electron 5 3600 Desktop Processor,64,Plus,150.245,9615.68
6/1/2021,AQ Gen Y,27,Standard Blue,346.6886,9360.5922
6/1/2021,AQ Lite,477,Standard 1,18.4943,8821.7811
6/1/2021,AQ Gamers ,736,Premium 2,19.3003,14205.0208
6/1/2021,AQ Digit,14,Plus Blue,240.1403,3361.9642
6/1/2021,AQ Electron 5 3600 Desktop Processor,123,Premium,160.6912,19765.0176
6/1/2021,AQ BZ Gen Y,7,Standard Grey,479.0441,3353.3087
6/1/2021,AQ Gamers ,840,Premium 1,16.3218,13710.312
6/1/2021,AQ Digit,40,Plus Red,237.0183,9480.732
6/1/2021,AQ Maxima Ms,137,Plus 1,14.1682,1941.0434
6/1/2021,AQ Electron 4 3600 Desktop Processor,48,Standard,160.5082,7704.3936
6/1/2021,AQ Gamers ,593,Plus 2,16.3792,9712.8656
6/1/2021,AQ Trigger,188,Premium 1,34.5114,6488.1432
6/1/2021,AQ Electron 4 3600 Desktop Processor,54,Plus,169.4999,9152.9946
6/1/2021,AQ BZ Compact,16,Premium Misty Green,467.3047,7476.8752
6/1/2021,AQ Master wireless x1 Ms,345,Plus 2,7.3526,2536.647
6/1/2021,AQ Gamers ,642,Plus 1,16.2407,10426.5294
6/1/2021,AQ Digit,38,Premium Black,249.1303,9466.9514
6/1/2021,AQ Electron 4 3600 Desktop Processor,92,Premium,176.4389,16232.3788
6/1/2021,AQ Gamers ,815,Standard 2,15.3071,12475.2865
6/1/2021,AQ BZ Compact,7,Premium Black,475.1904,3326.3328
6/1/2021,AQ LION x1,60,Standard,16.5127,990.762
6/1/2021,AQ Gamers ,817,Standard 1,13.5061,11034.4837
6/1/2021,AQ Electron 3 3600 Desktop Processor,184,Standard,186.2917,34277.6728
6/1/2021,AQ Digit,39,Premium Misty Green,243.0414,9478.6146
6/1/2021,AQ Trigger,241,Standard 1,29.3872,7082.3152
6/1/2021,AQ Maxima Ms,133,Standard 2,14.5267,1932.0511
6/1/2021,AQ Electron 3 3600 Desktop Processor,98,Plus,185.4599,18175.0702
6/1/2021,AQ BZ Compact,13,Plus Red,475.5544,6182.2072
6/1/2021,AQ Gen X,14,Plus Grey,341.7343,4784.2802
6/1/2021,AQ Master wireless x1,356,Premium 2,13.0018,4628.6408
6/1/2021,AQ LION x1,27,Premium,18.0312,486.8424
6/1/2021,AQ MB Elite,124,Standard,19.6485,2436.414
6/1/2021,AQ Velocity,39,Standard Grey,264.7,10323.3
6/1/2021,AQ Master wireless x1,414,Premium 1,12.0509,4989.0726
6/1/2021,AQ Gen X,13,Premium Misty Green,327.093,4252.209
6/1/2021,AQ MB Elite,124,Plus 1,20.4629,2537.3996
6/1/2021,AQ BZ Compact,24,Plus Blue,486.1763,11668.2312
6/1/2021,AQ Master wireless x1 Ms,682,Premium 1,7.9813,5443.2466
6/1/2021,AQ Master wireless x1,514,Plus 2,11.6011,5962.9654
6/1/2021,AQ Velocity,34,Standard Blue,267.2091,9085.1094
6/1/2021,AQ MB Elite,116,Plus 2,21.2017,2459.3972
6/1/2021,AQ BZ Compact,26,Plus Grey,447.7337,11641.0762
6/1/2021,AQ Mx NB,78,Standard,26.9302,2100.5556
6/1/2021,AQ Master wireless x1,850,Plus 1,12.3739,10517.815
6/1/2021,AQ Gen Y,20,Plus Blue,349.2525,6985.05
6/1/2021,AQ MB Elite,38,Premium,21.4489,815.0582
6/1/2021,AQ Master wireless x1,292,Standard 2,11.0524,3227.3008
6/1/2021,AQ Velocity,21,Standard Red,261.2305,5485.8405
6/1/2021,AQ Maxima Ms,202,Standard 1,12.0689,2437.9178
6/1/2021,AQ MB Crossx,67,Standard,21.8879,1466.4893
6/1/2021,AQ BZ Compact,15,Standard Red,452.142,6782.13
6/1/2021,AQ Gen X,25,Plus Blue,325.2156,8130.39
6/1/2021,AQ Master wireless x1,359,Standard 1,10.7955,3875.5845
6/1/2021,AQ Velocity,12,Plus Grey,267.0636,3204.7632
6/1/2021,AQ MB Crossx,103,Plus 1,22.8957,2358.2571
6/1/2021,AQ Master wired x1,625,Premium 2,10.4188,6511.75
6/1/2021,AQ Master wired x1,410,Premium 1,9.465,3880.65
6/1/2021,AQ LION x3,36,Plus 1 ,23.152,833.472
6/1/2021,AQ MB Crossx,58,Plus 2,27.3445,1585.981
6/1/2021,AQ BZ Compact,14,Standard Blue,462.5568,6475.7952
6/1/2021,AQ Master wireless x1 Ms,401,Premium 2,8.3193,3336.0393
6/1/2021,AQ Velocity,9,Plus Blue,277.8079,2500.2711
6/1/2021,AQ Lite Ms,1015,Premium 2,12.2979,12482.3685
6/1/2021,AQ MB Crossx,20,Premium,28.3991,567.982
6/1/2021,AQ Master wired x1,194,Plus 2,8.9514,1736.5716
6/1/2021,AQ BZ Compact,19,Standard Grey,451.7049,8582.3931
6/1/2021,AQ Trigger,671,Standard 2,30.3414,20359.0794
6/1/2021,AQ MB Crossx 2,98,Standard,28.8615,2828.427
6/1/2021,AQ Gen Y,25,Plus Grey,353.0982,8827.455
6/1/2021,AQ Master wired x1,854,Plus 1,7.7693,6634.9822
6/1/2021,AQ Velocity,40,Plus Red,275.8194,11032.776
6/1/2021,AQ MB Crossx 2,29,Plus 1,31.9525,926.6225
6/1/2021,AQ BZ 101,23,Premium Misty Green,460.2805,10586.4515
6/1/2021,AQ Master wired x1,440,Standard 2,7.5979,3343.076
6/1/2021,AQ MB Crossx 2,58,Plus 2,32.1924,1867.1592
6/1/2021,AQ LION x1,68,Plus 2,17.5697,1194.7396
6/1/2021,AQ Elite,30,Standard Grey,271.3471,8140.413
6/1/2021,AQ Master wired x1,329,Standard 1,6.8991,2269.8039
6/1/2021,AQ Gamers Ms,512,Standard 1,8.8044,4507.8528
6/1/2021,AQ MB Crossx 2,51,Premium,32.2612,1645.3212
6/1/2021,AQ BZ 101,20,Premium Black,428.1451,8562.902
6/1/2021,AQ Lumina Ms,582,Standard 1,21.7118,12636.2676
6/1/2021,AQ Elite,28,Standard Blue,281.9504,7894.6112
6/1/2021,AQ MB Lito,61,Standard,33.7609,2059.4149
6/1/2021,AQ BZ 101,8,Standard Blue,451.4881,3611.9048
6/1/2021,AQ LION x2,53,Plus 2,18.4533,978.0249
6/1/2021,AQ Trigger Ms,499,Premium 2,20.0537,10006.7963
6/1/2021,AQ Trigger Ms,734,Premium 1,19.4042,14242.6828
6/1/2021,AQ MB Lito,48,Plus 1,35.0256,1681.2288
6/1/2021,AQ Lite Ms,909,Premium 1,12.7423,11582.7507
6/1/2021,AQ Elite,14,Standard Red,288.0503,4032.7042
6/1/2021,AQ Trigger Ms,942,Plus 2,19.586,18450.012
6/1/2021,AQ Gen X,27,Plus Red,325.2561,8781.9147
6/1/2021,AQ MB Lito,76,Plus 2,35.835,2723.46
6/1/2021,AQ BZ 101,25,Standard Grey,419.1936,10479.84
6/1/2021,AQ Gamers Ms,270,Premium 1,10.437,2817.99
6/1/2021,AQ Elite,7,Plus Grey,286.8973,2008.2811
6/1/2021,AQ Trigger Ms,553,Plus 1,16.9353,9365.2209
6/1/2021,AQ MB Lito,122,Premium,38.978,4755.316
6/1/2021,AQ Trigger Ms,811,Standard 2,17.2368,13979.0448
6/1/2021,AQ Elite,32,Plus Blue,291.2071,9318.6272
6/1/2021,AQ MB Lito 2,134,Standard,41.3696,5543.5264
6/1/2021,AQ GEN Z,27,Plus Blue,377.4069,10189.9863
6/1/2021,AQ Gamers Ms,1011,Standard 2,8.9901,9088.9911
6/1/2021,AQ Trigger,456,Plus 1,31.7665,14485.524
6/1/2021,AQ Trigger Ms,391,Standard 1,17.0917,6682.8547
6/1/2021,AQ MB Lito 2,34,Plus 1,39.3932,1339.3688
5/1/2021,AQ 5000 Series Electron 9 5900X Desktop Processor,128,Premium,123.9315,15863.232
5/1/2021,AQ Wi Power Dx3,681,Plus,43.9446,29926.2726
5/1/2021,AQ Wi Power Dx3,487,Premium,42.8483,20867.1221
5/1/2021,AQ Qwerty,218,Standard 1,24.569,5356.042
5/1/2021,AQ Dracula HDD – 3.5 Inch SATA 6 Gb/s 5400 RPM 256 MB Cache,58,Standard,19.0573,1105.3234
5/1/2021,AQ Gamer 3,9,Standard Black,604.2721,5438.4489
5/1/2021,AQ Dracula HDD – 3.5 Inch SATA 6 Gb/s 5400 RPM 256 MB Cache,135,Plus,21.4565,2896.6275
5/1/2021,AQ Dracula HDD – 3.5 Inch SATA 6 Gb/s 5400 RPM 256 MB Cache,173,Premium,21.7795,3767.8535
5/1/2021,AQ Gamer 3,15,Standard Cool Blue,605.8642,9087.963
5/1/2021,AQ Dracula HDD – 3.5 Inch SATA 6 Gb/s 5400 RPM 256 MB Cache,93,Premium Plus,22.9729,2136.4797
5/1/2021,AQ Mx NB,68,Premium,31.7029,2155.7972
5/1/2021,AQ WereWolf NAS Internal Hard Drive HDD – 8.89 cm,197,Standard,23.6987,4668.6439
5/1/2021,AQ Gamer 3,6,Standard Firey Red,589.7411,3538.4466
5/1/2021,AQ WereWolf NAS Internal Hard Drive HDD – 8.89 cm,246,Plus,24.7312,6083.8752
5/1/2021,AQ Gamer 2,9,Premium Misty Green,608.407,5475.663
5/1/2021,AQ WereWolf NAS Internal Hard Drive HDD – 8.89 cm,225,Premium,23.6154,5313.465
5/1/2021,AQ Zion Saga,223,Standard,23.7223,5290.0729
5/1/2021,AQ Gamer 2,16,Premium Black,599.2302,9587.6832
5/1/2021,AQ Zion Saga,186,Plus,27.1027,5041.1022
5/1/2021,AQ Qwerty,514,Standard 2,23.9726,12321.9164
5/1/2021,AQ Zion Saga,84,Premium,28.0059,2352.4956
5/1/2021,AQ Gamer 2,7,Plus Black,601.6398,4211.4786
5/1/2021,AQ Mforce Gen X,58,Standard 3,19.5235,1132.363
5/1/2021,AQ Gamer 2,5,Plus Cool Blue,570.7578,2853.789
5/1/2021,AQ Mforce Gen X,48,Plus 1,19.9239,956.3472
5/1/2021,AQ Mforce Gen X,190,Plus 2,20.0766,3814.554
5/1/2021,AQ Gamer 2,4,Plus Firey Red,602.92,2411.68
5/1/2021,AQ Mforce Gen X,76,Plus 3,19.9365,1515.174
5/1/2021,AQ Mforce Gen Y,134,Standard 1,22.3984,3001.3856
5/1/2021,AQ Gamer 2,11,Standard Black,595.5711,6551.2821
5/1/2021,AQ Mforce Gen Y,91,Standard 2,24.9298,2268.6118
5/1/2021,AQ Gamer 2,5,Standard Cool Blue,567.9271,2839.6355
5/1/2021,AQ Mforce Gen Y,122,Standard 3,26.5871,3243.6262
5/1/2021,AQ Mforce Gen Y,178,Plus 1,26.1081,4647.2418
5/1/2021,AQ Gamer 2,16,Standard Firey Red,585.0003,9360.0048
5/1/2021,AQ Qwerty,222,Plus 1,26.9507,5983.0554
5/1/2021,AQ Mforce Gen Y,138,Plus 2,29.7008,4098.7104
5/1/2021,AQ Mforce Gen Y,104,Plus 3,31.2439,3249.3656
5/1/2021,AQ Gamer 1,3,Premium Misty Green,579.6609,1738.9827
5/1/2021,AQ Mforce Gen Y,43,Premium 1,32.4427,1395.0361
5/1/2021,AQ Gamer 1,13,Premium Black,571.6489,7431.4357
5/1/2021,AQ Mx NB,9,Plus 3,28.58,257.22
5/1/2021,AQ Mforce Gen Y,182,Premium 2,30.5816,5565.8512
5/1/2021,AQ Mforce Gen Z,116,Standard 1,30.4696,3534.4736
5/1/2021,AQ Mforce Gen Z,86,Standard 2,34.0973,2932.3678
5/1/2021,AQ Mforce Gen Z,75,Standard 3,34.2412,2568.09
5/1/2021,AQ Gamer 1,12,Plus Cool Blue,551.3303,6615.9636
5/1/2021,AQ Mforce Gen Z,64,Plus 1,37.5826,2405.2864
5/1/2021,AQ Gamer 1,17,Plus Firey Red,586.3824,9968.5008
5/1/2021,AQ Mforce Gen Z,189,Plus 2,36.5679,6911.3331
5/1/2021,AQ Qwerty,632,Plus 2,27.4152,17326.4064
5/1/2021,AQ Mforce Gen Z,84,Plus 3,37.5278,3152.3352
5/1/2021,AQ Gamer 1,6,Standard Black,584.9722,3509.8332
5/1/2021,AQ Mforce Gen Z,138,Premium 1,36.2434,5001.5892
5/1/2021,AQ Mforce Gen Z,78,Premium 2,39.399,3073.122
5/1/2021,AQ BZ Gen Z,8,Premium Misty Green,533.0397,4264.3176
5/1/2021,AQ GT 21,101,Standard,39.3377,3973.1077
5/1/2021,AQ BZ Gen Z,8,Premium Black,545.5931,4364.7448
5/1/2021,AQ GT 21,160,Plus 1,39.1465,6263.44
5/1/2021,AQ Mx NB,36,Plus 2,29.9423,1077.9228
5/1/2021,AQ GT 21,103,Plus 2,39.299,4047.797
5/1/2021,AQ BZ Gen Z,11,Plus Red,550.4597,6055.0567
5/1/2021,AQ GT 21,195,Premium,39.1215,7628.6925
5/1/2021,AQ Marquee P3,166,Standard,40.5013,6723.2158
5/1/2021,AQ BZ Gen Z,19,Plus Blue,521.2603,9903.9457
5/1/2021,AQ Marquee P3,31,Plus 1,43.2966,1342.1946
5/1/2021,AQ BZ Gen Z,17,Standard Red,525.8042,8938.6714
5/1/2021,AQ Qwerty,449,Premium 1,29.8692,13411.2708
5/1/2021,AQ Marquee P3,162,Plus 2,42.3841,6866.2242
5/1/2021,AQ Marquee P3,154,Premium,44.7044,6884.4776
5/1/2021,AQ BZ Gen Z,5,Standard Blue,490.1582,2450.791
5/1/2021,AQ Marquee P4,146,Standard,45.0813,6581.8698
5/1/2021,AQ 5000 Series Electron 9 5900X Desktop Processor,41,Standard,111.1036,4555.2476
5/1/2021,AQ BZ Gen Z,17,Standard Grey,506.9644,8618.3948
5/1/2021,AQ 5000 Series Electron 9 5900X Desktop Processor,40,Plus,123.4797,4939.188
5/1/2021,AQ BZ Gen Y,10,Premium Misty Green,512.5811,5125.811
5/1/2021,AQ 5000 Series Electron 8 5900X Desktop Processor,125,Standard,124.264,15533
5/1/2021,AQ BZ Gen Y,20,Premium Black,516.458,10329.16
5/1/2021,AQ 5000 Series Electron 8 5900X Desktop Processor,52,Plus,129.5836,6738.3472
5/1/2021,AQ 5000 Series Electron 8 5900X Desktop Processor,182,Premium,139.8962,25461.1084
5/1/2021,AQ BZ Gen Y,21,Plus Red,486.4857,10216.1997
5/1/2021,AQ Qwerty,597,Premium 2,29.6709,17713.5273
5/1/2021,AQ 5000 Series Ultron 8 5900X Desktop Processor,129,Standard,135.6822,17503.0038
5/1/2021,AQ BZ Gen Y,28,Plus Blue,483.3813,13534.6764
5/1/2021,AQ 5000 Series Ultron 8 5900X Desktop Processor,35,Plus,145.1474,5080.159
5/1/2021,AQ 5000 Series Ultron 8 5900X Desktop Processor,171,Premium,142.9402,24442.7742
5/1/2021,AQ BZ Gen Y,7,Standard Red,474.3154,3320.2078
5/1/2021,AQ Electron 5 3600 Desktop Processor,197,Standard,149.1034,29373.3698
5/1/2021,AQ Mx NB,84,Plus 1 ,28.45,2389.8
5/1/2021,AQ Electron 5 3600 Desktop Processor,53,Plus,150.245,7962.985
5/1/2021,AQ BZ Gen Y,14,Standard Blue,474.3132,6640.3848
5/1/2021,AQ Electron 5 3600 Desktop Processor,22,Premium,160.6912,3535.2064
5/1/2021,AQ BZ Gen Y,22,Standard Grey,479.0441,10538.9702
5/1/2021,AQ Electron 4 3600 Desktop Processor,177,Standard,160.5082,28409.9514
5/1/2021,AQ Electron 4 3600 Desktop Processor,91,Plus,169.4999,15424.4909
5/1/2021,AQ BZ Compact,27,Premium Misty Green,467.3047,12617.2269
5/1/2021,AQ Electron 4 3600 Desktop Processor,128,Premium,176.4389,22584.1792
5/1/2021,AQ Trigger,444,Standard 1,29.3872,13047.9168
5/1/2021,AQ Electron 3 3600 Desktop Processor,42,Standard,186.2917,7824.2514
5/1/2021,AQ BZ Compact,12,Premium Black,475.1904,5702.2848
5/1/2021,AQ Electron 3 3600 Desktop Processor,32,Plus,185.4599,5934.7168
5/1/2021,AQ BZ Compact,9,Plus Red,475.5544,4279.9896
5/1/2021,AQ MB Elite,38,Standard,19.6485,746.643
5/1/2021,AQ MB Elite,57,Plus 1,20.4629,1166.3853
5/1/2021,AQ BZ Compact,24,Plus Blue,486.1763,11668.2312
5/1/2021,AQ MB Elite,97,Plus 2,21.2017,2056.5649
5/1/2021,AQ MB Elite,52,Premium,21.4489,1115.3428
5/1/2021,AQ BZ Compact,9,Plus Grey,447.7337,4029.6033
5/1/2021,AQ LION x2,85,Plus 2,18.4533,1568.5305
5/1/2021,AQ MB Crossx,140,Standard,21.8879,3064.306
5/1/2021,AQ BZ Compact,13,Standard Red,452.142,5877.846
5/1/2021,AQ MB Crossx,17,Plus 1,22.8957,389.2269
5/1/2021,AQ MB Crossx,39,Plus 2,27.3445,1066.4355
5/1/2021,AQ BZ Compact,11,Standard Blue,462.5568,5088.1248
5/1/2021,AQ Trigger,211,Standard 2,30.3414,6402.0354
5/1/2021,AQ MB Crossx,59,Premium,28.3991,1675.5469
5/1/2021,AQ MB Crossx 2,107,Standard,28.8615,3088.1805
5/1/2021,AQ BZ Compact,19,Standard Grey,451.7049,8582.3931
5/1/2021,AQ MB Crossx 2,95,Plus 1,31.9525,3035.4875
5/1/2021,AQ BZ 101,26,Premium Misty Green,460.2805,11967.293
5/1/2021,AQ Mx NB,17,Standard,26.9302,457.8134
5/1/2021,AQ MB Crossx 2,48,Plus 2,32.1924,1545.2352
5/1/2021,AQ MB Crossx 2,98,Premium,32.2612,3161.5976
5/1/2021,AQ BZ 101,15,Premium Black,428.1451,6422.1765
5/1/2021,AQ MB Lito,68,Standard,33.7609,2295.7412
5/1/2021,AQ BZ 101,12,Standard Blue,451.4881,5417.8572
5/1/2021,AQ MB Lito,132,Plus 2,35.835,4730.22
5/1/2021,AQ BZ 101,7,Standard Grey,419.1936,2934.3552
5/1/2021,AQ MB Lito,71,Premium,38.978,2767.438
5/1/2021,AQ Trigger,357,Plus 1,31.7665,11340.6405
5/1/2021,AQ MB Lito 2,86,Standard,41.3696,3557.7856
5/1/2021,AQ GEN Z,29,Plus Blue,377.4069,10944.8001
5/1/2021,AQ MB Lito 2,64,Plus 1,39.3932,2521.1648
5/1/2021,AQ MB Lito 2,73,Plus 2,45.4377,3316.9521
5/1/2021,AQ GEN Z,22,Plus Grey,380.2153,8364.7366
5/1/2021,AQ Master wired x1 Ms,982,Standard 1,2.9434,2890.4188
5/1/2021,AQ GEN Z,13,Standard Red,361.6496,4701.4448
5/1/2021,AQ Master wired x1 Ms,905,Standard 2,3.9998,3619.819
5/1/2021,AQ LION x3,65,Premium,27.4546,1784.549
5/1/2021,AQ Master wired x1 Ms,146,Plus 1,4.5295,661.307
5/1/2021,AQ GEN Z,20,Standard Blue,371.4027,7428.054
5/1/2021,AQ Master wired x1 Ms,514,Plus 2,5.0459,2593.5926
5/1/2021,AQ Master wired x1 Ms,341,Premium 1,4.6904,1599.4264
5/1/2021,AQ GEN Z,12,Standard Grey,367.7335,4412.802
5/1/2021,AQ Master wired x1 Ms,123,Premium 2,5.2542,646.2666
5/1/2021,AQ Gen Y,31,Premium Misty Green,363.063,11254.953
5/1/2021,AQ Trigger,150,Plus 2,33.6246,5043.69
5/1/2021,AQ Master wireless x1 Ms,961,Standard 1,5.4383,5226.2063
5/1/2021,AQ Master wireless x1 Ms,659,Standard 2,6.4054,4221.1586
5/1/2021,AQ Gen Y,32,Premium Black,347.803,11129.696
5/1/2021,AQ Master wireless x1 Ms,861,Plus 1,6.7301,5794.6161
5/1/2021,AQ Gen Y,15,Plus Red,348.5375,5228.0625
5/1/2021,AQ Master wireless x1 Ms,946,Plus 2,7.3526,6955.5596
5/1/2021,AQ Master wireless x1 Ms,381,Premium 1,7.9813,3040.8753
5/1/2021,AQ Gen Y,32,Plus Blue,349.2525,11176.08
5/1/2021,AQ Master wireless x1 Ms,836,Premium 2,8.3193,6954.9348
5/1/2021,AQ Gamers Ms,125,Standard 1,8.8044,1100.55
5/1/2021,AQ Gen Y,17,Plus Grey,353.0982,6002.6694
5/1/2021,AQ LION x2,63,Premium,21.6066,1361.2158
5/1/2021,AQ Gamers Ms,564,Standard 2,8.9901,5070.4164
5/1/2021,AQ Gen Y,8,Standard Red,366.0459,2928.3672
5/1/2021,AQ Gamers Ms,137,Plus 1,9.3977,1287.4849
5/1/2021,AQ Gamers Ms,867,Plus 2,10.4573,9066.4791
5/1/2021,AQ Gen Y,30,Standard Blue,346.6886,10400.658
5/1/2021,AQ Trigger,220,Premium 1,34.5114,7592.508
5/1/2021,AQ Gamers Ms,154,Premium 1,10.437,1607.298
5/1/2021,AQ Gamers Ms,892,Premium 2,10.8659,9692.3828
5/1/2021,AQ Gamer 1,9,Plus Black,565.8747,5092.8723
5/1/2021,AQ Gen Y,19,Standard Grey,347.2474,6597.7006
5/1/2021,AQ Lite Ms,166,Standard 1,11.4829,1906.1614
5/1/2021,AQ Gen X,27,Premium Misty Green,327.093,8831.511
5/1/2021,AQ Lite Ms,547,Standard 2,11.2819,6171.1993
5/1/2021,AQ LION x3,21,Plus 3,25.0442,525.9282
5/1/2021,AQ Lite Ms,647,Plus 1,10.8925,7047.4475
5/1/2021,AQ Gen X,23,Premium Black,322.9426,7427.6798
5/1/2021,AQ Lite Ms,678,Plus 2,11.6332,7887.3096
5/1/2021,AQ Lite Ms,965,Premium 1,12.7423,12296.3195
5/1/2021,AQ Lite Ms,156,Premium 2,12.2979,1918.4724
5/1/2021,AQ Gen X,10,Plus Blue,325.2156,3252.156
5/1/2021,AQ Maxima Ms,549,Standard 1,12.0689,6625.8261
5/1/2021,AQ LION x1,69,Standard,16.5127,1139.3763
5/1/2021,AQ Maxima Ms,349,Standard 2,14.5267,5069.8183
5/1/2021,AQ Gen X,7,Plus Grey,341.7343,2392.1401
5/1/2021,AQ Maxima Ms,795,Plus 1,14.1682,11263.719
5/1/2021,AQ Gen X,19,Standard Red,306.9189,5831.4591
5/1/2021,AQ Maxima Ms,518,Plus 2,14.28,7397.04
5/1/2021,AQ Maxima Ms,412,Premium 1,15.1762,6252.5944
5/1/2021,AQ Gen X,32,Standard Blue,300.3378,9610.8096
5/1/2021,AQ Maxima Ms,820,Premium 2,14.5677,11945.514
5/1/2021,AQ Qwerty Ms,584,Standard 1,14.9013,8702.3592
5/1/2021,AQ Gen X,13,Standard Grey,311.8396,4053.9148
5/1/2021,AQ Qwerty Ms,112,Standard 2,15.8102,1770.7424
5/1/2021,AQ Elite,9,Premium Misty Green,297.0277,2673.2493
5/1/2021,AQ Qwerty Ms,470,Plus 1,15.9792,7510.224
5/1/2021,AQ Qwerty Ms,757,Plus 2,16.5491,12527.6687
5/1/2021,AQ Elite,30,Premium Black,287.4934,8624.802
5/1/2021,AQ LION x1,71,Plus 1 ,16.1015,1143.2065
5/1/2021,AQ Qwerty Ms,501,Premium 1,16.5882,8310.6882
5/1/2021,AQ Qwerty Ms,512,Premium 2,16.785,8593.92
5/1/2021,AQ Elite,27,Plus Red,287.5666,7764.2982
5/1/2021,AQ Trigger Ms,921,Standard 1,17.0917,15741.4557
5/1/2021,AQ Elite,11,Plus Blue,291.2071,3203.2781
5/1/2021,AQ LION x3,13,Plus 2,25.467,331.071
5/1/2021,AQ Trigger Ms,632,Standard 2,17.2368,10893.6576
5/1/2021,AQ Trigger Ms,139,Plus 1,16.9353,2354.0067
5/1/2021,AQ Elite,27,Plus Grey,286.8973,7746.2271
5/1/2021,AQ Trigger Ms,838,Plus 2,19.586,16413.068
5/1/2021,AQ Trigger Ms,599,Premium 1,19.4042,11623.1158
5/1/2021,AQ MB Lito,37,Plus 1,35.0256,1295.9472
5/1/2021,AQ Elite,33,Standard Red,288.0503,9505.6599
5/1/2021,AQ Trigger Ms,730,Premium 2,20.0537,14639.201
5/1/2021,AQ Elite,7,Standard Blue,281.9504,1973.6528
5/1/2021,AQ Lumina Ms,649,Standard 1,21.7118,14090.9582
5/1/2021,AQ LION x1,54,Plus 2,17.5697,948.7638
5/1/2021,AQ Master wired x1,864,Standard 1,6.8991,5960.8224
5/1/2021,AQ Elite,32,Standard Grey,271.3471,8683.1072
5/1/2021,AQ Master wired x1,662,Standard 2,7.5979,5029.8098
5/1/2021,AQ Master wired x1,672,Plus 1,7.7693,5220.9696
5/1/2021,AQ Velocity,11,Plus Red,275.8194,3034.0134
5/1/2021,AQ Master wired x1,428,Plus 2,8.9514,3831.1992
5/1/2021,AQ Velocity,27,Plus Blue,277.8079,7500.8133
5/1/2021,AQ Master wired x1,790,Premium 1,9.465,7477.35
5/1/2021,AQ LION x3,49,Plus 1 ,23.152,1134.448
5/1/2021,AQ Master wired x1,774,Premium 2,10.4188,8064.1512
5/1/2021,AQ Velocity,30,Plus Grey,267.0636,8011.908
5/1/2021,AQ Master wireless x1,773,Standard 1,10.7955,8344.9215
5/1/2021,AQ Gen X,7,Plus Red,325.2561,2276.7927
5/1/2021,AQ Master wireless x1,516,Standard 2,11.0524,5703.0384
5/1/2021,AQ Velocity,30,Standard Red,261.2305,7836.915
5/1/2021,AQ Master wireless x1,855,Plus 1,12.3739,10579.6845
5/1/2021,AQ Velocity,13,Standard Blue,267.2091,3473.7183
5/1/2021,AQ Master wireless x1,806,Plus 2,11.6011,9350.4866
5/1/2021,AQ LION x1,44,Premium,18.0312,793.3728
5/1/2021,AQ Master wireless x1,859,Premium 1,12.0509,10351.7231
5/1/2021,AQ Velocity,28,Standard Grey,264.7,7411.6
5/1/2021,AQ Master wireless x1,158,Premium 2,13.0018,2054.2844
5/1/2021,AQ Gamers ,113,Standard 1,13.5061,1526.1893
5/1/2021,AQ Digit,26,Premium Misty Green,243.0414,6319.0764
5/1/2021,AQ Gamers ,377,Standard 2,15.3071,5770.7767
5/1/2021,AQ Digit,24,Premium Black,249.1303,5979.1272
5/1/2021,AQ Gamers ,729,Plus 1,16.2407,11839.4703
5/1/2021,AQ Gamers ,345,Plus 2,16.3792,5650.824
5/1/2021,AQ Digit,28,Plus Red,237.0183,6636.5124
5/1/2021,AQ Gamers ,315,Premium 1,16.3218,5141.367
5/1/2021,AQ Gamers ,708,Premium 2,19.3003,13664.6124
5/1/2021,AQ Digit,16,Plus Blue,240.1403,3842.2448
5/1/2021,AQ Lite,505,Standard 1,18.4943,9339.6215
5/1/2021,AQ Digit,18,Plus Grey,232.1038,4177.8684
5/1/2021,AQ LION x2,18,Standard,17.2648,310.7664
5/1/2021,AQ Lite,225,Standard 2,18.7947,4228.8075
5/1/2021,AQ Lite,204,Plus 1,18.5844,3791.2176
5/1/2021,AQ Digit,35,Standard Red,236.8486,8289.701
5/1/2021,AQ Lite,586,Plus 2,18.4219,10795.2334
5/1/2021,AQ Lite,160,Premium 1,18.9415,3030.64
5/1/2021,AQ Digit,39,Standard Blue,215.9341,8421.4299
5/1/2021,AQ LION x3,62,Standard,22.1454,1373.0148
5/1/2021,AQ Lite,153,Premium 2,20.0066,3061.0098
5/1/2021,AQ Digit,33,Standard Grey,200.2732,6609.0156
5/1/2021,AQ Maxima,155,Standard 1,20.3908,3160.574
5/1/2021,AQ LION x2,30,Plus 3,21.1942,635.826
5/1/2021,AQ Maxima,686,Standard 2,21.6988,14885.3768
5/1/2021,AQ Aspiron,8,Premium Black,195.7721,1566.1768
5/1/2021,AQ Maxima,748,Plus 1,20.8733,15613.2284
5/1/2021,AQ Maxima,92,Plus 2,22.1341,2036.3372
5/1/2021,AQ Aspiron,28,Plus Red,187.7533,5257.0924
5/1/2021,AQ LION x2,15,Plus 1 ,17.5197,262.7955
5/1/2021,AQ Maxima,482,Premium 1,23.0844,11126.6808
5/1/2021,AQ Aspiron,38,Plus Blue,182.8932,6949.9416
5/1/2021,AQ Maxima,313,Premium 2,23.7678,7439.3214
5/1/2021,AQ Gamer 3,16,Plus Firey Red,597.7704,9564.3264
5/1/2021,AQ Gamer 3,13,Plus Cool Blue,632.4885,8222.3505
5/1/2021,AQ Gamer 3,13,Plus Black,639.6816,8315.8608
5/1/2021,AQ Gamer 3,11,Premium Black,609.7926,6707.7186
5/1/2021,AQ Gamer 3,16,Premium Misty Green,590.1159,9441.8544
5/1/2021,AQ Smash 1,4,Standard Firey Red,642.0698,2568.2792
5/1/2021,AQ Smash 1,4,Standard Cool Blue,593.8297,2375.3188
5/1/2021,AQ Smash 1,14,Standard Black,631.1855,8836.597
5/1/2021,AQ Smash 1,4,Plus Firey Red,639.9614,2559.8456
5/1/2021,AQ Smash 1,12,Plus Cool Blue,601.8173,7221.8076
5/1/2021,AQ Smash 1,7,Plus Black,644.3777,4510.6439
5/1/2021,AQ Smash 1,7,Premium Black,655.7782,4590.4474
5/1/2021,AQ Smash 1,9,Premium Misty Green,657.2525,5915.2725
5/1/2021,AQ Smash 2,3,Standard Firey Red,649.6929,1949.0787
5/1/2021,AQ Smash 2,6,Standard Cool Blue,627.9938,3767.9628
5/1/2021,AQ Smash 2,3,Standard Black,678.3035,2034.9105
5/1/2021,AQ Smash 2,9,Plus Firey Red,655.8348,5902.5132
5/1/2021,AQ Smash 2,17,Plus Cool Blue,674.4272,11465.2624
5/1/2021,AQ Smash 2,10,Plus Black,720.546,7205.46
5/1/2021,AQ BZ Allin1,22,Standard 1,681.3022,14988.6484
5/1/2021,AQ BZ Allin1,28,Standard 2,697.5541,19531.5148
5/1/2021,AQ BZ Allin1,10,Standard 3,735.1465,7351.465
5/1/2021,AQ BZ Allin1,22,Plus 1,690.4971,15190.9362
5/1/2021,AQ BZ Allin1,13,Plus 2,709.3926,9222.1038
5/1/2021,AQ BZ Allin1,8,Plus 3,692.5242,5540.1936
5/1/2021,AQ BZ Allin1,17,Premium 1,737.6775,12540.5175
5/1/2021,AQ BZ Allin1,19,Premium 2,746.7388,14188.0372
5/1/2021,AQ Home Allin1,4,Standard 1,800.4577,3201.8308
5/1/2021,AQ Home Allin1,5,Standard 2,764.0542,3820.271
5/1/2021,AQ Home Allin1,2,Standard 3,770.9789,1541.9578
5/1/2021,AQ Home Allin1,3,Plus 1,749.0987,2247.2961
5/1/2021,AQ Home Allin1,3,Plus 2,766.6472,2299.9416
5/1/2021,AQ Home Allin1,2,Plus 3,787.5874,1575.1748
5/1/2021,AQ Home Allin1,2,Premium 1,785.9918,1571.9836
5/1/2021,AQ Home Allin1,2,Premium 2,796.6606,1593.3212
5/1/2021,AQ HOME Allin1 Gen 2,4,Standard 1,824.0889,3296.3556
5/1/2021,AQ HOME Allin1 Gen 2,3,Standard 2,790.104,2370.312
5/1/2021,AQ HOME Allin1 Gen 2,3,Standard 3,769.5635,2308.6905
5/1/2021,AQ HOME Allin1 Gen 2,2,Plus 1,807.2638,1614.5276
5/1/2021,AQ HOME Allin1 Gen 2,3,Plus 2,834.9812,2504.9436
5/1/2021,AQ HOME Allin1 Gen 2,6,Plus 3,810.6034,4863.6204
5/1/2021,AQ Digit SSD,599,Standard,13.5941,8142.8659
5/1/2021,AQ Digit SSD,1023,Plus,15.2481,15598.8063
5/1/2021,AQ Digit SSD,489,Premium,16.3003,7970.8467
5/1/2021,AQ Neuer SSD,389,Standard,17.359,6752.651
5/1/2021,AQ Neuer SSD,235,Plus,18.5733,4364.7255
5/1/2021,AQ Neuer SSD,137,Premium,19.3433,2650.0321
5/1/2021,AQ Clx1,483,Standard,17.8043,8599.4769
5/1/2021,AQ Clx1,198,Plus,19.6723,3895.1154
5/1/2021,AQ Clx1,936,Premium,19.3342,18096.8112
5/1/2021,AQ Clx2,453,Standard,20.2889,9190.8717
5/1/2021,AQ Clx2,171,Plus,20.165,3448.215
5/1/2021,AQ Clx2,551,Premium,21.283,11726.933
5/1/2021,AQ Clx3,593,Standard,22.853,13551.829
5/1/2021,AQ Pen Drive 2 IN 1,1735,Premium,4.4411,7705.3085
5/1/2021,AQ Pen Drive DRC,563,Standard,2.999,1688.437
5/1/2021,AQ Pen Drive DRC,472,Plus,3.8531,1818.6632
5/1/2021,AQ Pen Drive DRC,556,Premium,5.0984,2834.7104
5/1/2021,AQ Wi Power Dx1,269,Standard,29.6712,7981.5528
5/1/2021,AQ Wi Power Dx1,701,Plus,29.9264,20978.4064
5/1/2021,AQ Wi Power Dx1,337,Premium,28.7736,9696.7032
5/1/2021,AQ Wi Power Dx2,199,Standard,32.9575,6558.5425
5/1/2021,AQ Wi Power Dx2,481,Plus,35.2053,16933.7493
